Period,CPI,CCI,Unemployment,GDP,Competitive,Sales,Media Transformed,spline0,spline15,spline30,spline45,spline60,spline75,spline90,spline105,spline120,spline135
2020-01-06,93.75958675608237,97.53112228671586,105.85661711965179,96.67960629236833,95.3724952407701,197.11387065844394,0.001171416234689689,0.0,0.0,0.0,0.0,0.0,0.0,0.0,0.0,0.0,0.0
2020-01-13,89.22315780189511,93.76532573565284,93.7943780395773,99.36976305188306,100.12245307544983,178.8135016403639,3.0112733018290203e-09,1.0,0.0,0.0,0.0,0.0,0.0,0.0,0.0,0.0,0.0
2020-01-20,86.01828117659122,105.42859752863467,91.5420478959735,105.16706873084435,98.30240499383007,173.432191051521,0.027463308268338364,2.0,0.0,0.0,0.0,0.0,0.0,0.0,0.0,0.0,0.0
2020-01-27,75.20013783910703,110.64662511353768,93.27901315981556,105.10842677182106,101.35561631328278,153.4448215862003,0.14086026470449212,3.0,0.0,0.0,0.0,0.0,0.0,0.0,0.0,0.0,0.0
2020-02-03,72.44880240924928,109.41973057783042,89.2312477024025,105.41827460131935,103.12947271088295,153.97208439192235,0.21730943461573965,4.0,0.0,0.0,0.0,0.0,0.0,0.0,0.0,0.0,0.0
2020-02-10,70.73971291433367,113.7656816029262,87.82940761167939,104.91721608780415,91.9198800806473,142.4291478895077,0.019723719548123173,5.0,0.0,0.0,0.0,0.0,0.0,0.0,0.0,0.0,0.0
2020-02-17,73.83839271093116,112.57474503880796,89.83171655023364,111.83588865469882,101.86781714168279,151.41276331225703,6.2852708156901365e-06,6.0,0.0,0.0,0.0,0.0,0.0,0.0,0.0,0.0,0.0
2020-02-24,75.98380578057282,120.83532638187907,79.79813462971052,114.40878692197596,102.56134255738425,197.8501798539005,0.8341832578251756,7.0,0.0,0.0,0.0,0.0,0.0,0.0,0.0,0.0,0.0
2020-03-02,69.26173050395845,115.39849619408312,80.3563886437504,118.56154321167985,90.13706524775796,144.6550664785293,0.1444337851314396,8.0,0.0,0.0,0.0,0.0,0.0,0.0,0.0,0.0,0.0
2020-03-09,71.52012077113046,119.49938127752479,73.05122024439379,116.1114446226132,91.02200532468633,144.80005058587045,0.03307067162079494,9.0,0.0,0.0,0.0,0.0,0.0,0.0,0.0,0.0,0.0
2020-03-16,76.10712935481817,124.3243046343173,78.77595962539401,117.07044759413671,89.13022971845037,166.38419767218556,0.3124753590145677,10.0,0.0,0.0,0.0,0.0,0.0,0.0,0.0,0.0,0.0
2020-03-23,77.80999595420398,122.7353773025109,77.61576850393344,124.93905614330454,89.32955668182292,158.136423159064,0.002324898192265931,11.0,0.0,0.0,0.0,0.0,0.0,0.0,0.0,0.0,0.0
2020-03-30,70.58974739059894,122.4710249878006,69.31695340700469,128.97898945358176,87.22052824412697,142.3267584008658,0.010007739591087791,12.0,0.0,0.0,0.0,0.0,0.0,0.0,0.0,0.0,0.0
2020-04-06,74.86682519630301,129.266948884066,64.4326682581177,125.11126459622439,86.12371064055206,152.20142584621067,0.09666331281557104,13.0,0.0,0.0,0.0,0.0,0.0,0.0,0.0,0.0,0.0
2020-04-13,79.6225212317424,130.73169513205,68.62838373384196,111.26225378193155,86.64777351205684,205.62767991105923,0.9369669621139163,14.0,0.0,0.0,0.0,0.0,0.0,0.0,0.0,0.0,0.0
2020-04-20,69.11813988396214,121.30867594733841,70.1709976162577,101.87439686148846,93.09709963033976,138.69104592695697,0.0014583713795767192,15.0,0.0,0.0,0.0,0.0,0.0,0.0,0.0,0.0,0.0
2020-04-27,67.7338889875814,119.23451458506439,76.53295031392494,105.79172032224601,95.07403302135715,137.04121741101943,0.004752030544468253,16.0,1.0,0.0,0.0,0.0,0.0,0.0,0.0,0.0,0.0
2020-05-04,66.5363924394693,118.0882924314246,75.18590289960453,102.21136293305945,90.96144326131768,140.10102319996682,0.15319244515363423,17.0,2.0,0.0,0.0,0.0,0.0,0.0,0.0,0.0,0.0
2020-05-11,64.84761002611363,122.33428242167957,75.08178335539293,106.34217417226525,88.61597690996516,131.08067400145407,0.02893991840853997,18.0,3.0,0.0,0.0,0.0,0.0,0.0,0.0,0.0,0.0
2020-05-18,62.44367098301991,121.37299565911505,69.75908888764945,106.3438873671868,84.8658557869846,125.42180661928896,0.025151453258858442,19.0,4.0,0.0,0.0,0.0,0.0,0.0,0.0,0.0,0.0
2020-05-25,63.165041440936946,121.58411540411842,73.2680246446015,103.68412364818026,88.35935421087605,132.90752754320891,0.15154958897539175,20.0,5.0,0.0,0.0,0.0,0.0,0.0,0.0,0.0,0.0
2020-06-01,60.25174474148886,123.09766185655641,71.5424040926821,88.97803400985973,93.82052675262896,131.5290055180442,0.24298881640676961,21.0,6.0,0.0,0.0,0.0,0.0,0.0,0.0,0.0,0.0
2020-06-08,63.28174367963621,121.39164914746786,75.10136900994621,86.59213945478288,101.00642161137264,173.52045220714382,0.8908254771321026,22.0,7.0,0.0,0.0,0.0,0.0,0.0,0.0,0.0,0.0
2020-06-15,61.20898816089905,120.50696608519644,73.26837015134771,82.05131878311298,105.17592731776824,120.45245981092854,0.000558222385914182,23.0,8.0,0.0,0.0,0.0,0.0,0.0,0.0,0.0,0.0
2020-06-22,70.37543984486427,115.30224912243321,64.43342462396919,85.6958776136931,112.09154471023018,143.48297497951694,0.0012321268139670089,24.0,9.0,0.0,0.0,0.0,0.0,0.0,0.0,0.0,0.0
2020-06-29,72.71880066166494,117.45462972707324,59.03741525397901,86.60522837790153,111.67007859851363,144.34687591983172,0.0012752074644357752,25.0,10.0,0.0,0.0,0.0,0.0,0.0,0.0,0.0,0.0
2020-07-06,75.6030592932822,118.84256319411371,68.71323539688129,78.64630438992539,110.83511668192152,199.50217805904498,0.9581700250177194,26.0,11.0,0.0,0.0,0.0,0.0,0.0,0.0,0.0,0.0
2020-07-13,79.94561899111937,112.73553871304233,75.0075830454883,87.92393375008234,113.29991392577568,161.4603998526179,6.431639108564963e-06,27.0,12.0,0.0,0.0,0.0,0.0,0.0,0.0,0.0,0.0
2020-07-20,78.67983832404914,115.83137693084294,76.92856304203954,93.74075852370633,105.9273544654169,156.74295057366166,0.01038018220497057,28.0,13.0,0.0,0.0,0.0,0.0,0.0,0.0,0.0,0.0
2020-07-27,78.178380928408,115.12602591735751,82.57650518642264,90.347807946809,100.89678763201249,156.26839914891852,2.9557109020760304e-07,29.0,14.0,0.0,0.0,0.0,0.0,0.0,0.0,0.0,0.0
2020-08-03,78.53686403446595,109.94067937211241,78.52364226351114,95.94440357593066,107.8076140938098,156.66245898546686,0.009308397932964643,30.0,15.0,0.0,0.0,0.0,0.0,0.0,0.0,0.0,0.0
2020-08-10,77.73572865106324,109.18106579739229,78.18245673165362,101.18023715251391,105.56477794691754,194.47479792083666,0.8451243289476145,31.0,16.0,1.0,0.0,0.0,0.0,0.0,0.0,0.0,0.0
2020-08-17,75.85347743184232,110.73440196124832,84.71280693101357,102.90129708930877,101.38054948517954,152.2760928774348,2.883022542936984e-09,32.0,17.0,2.0,0.0,0.0,0.0,0.0,0.0,0.0,0.0
2020-08-24,74.81934112599997,106.60971875829466,86.1396565293364,101.93823938963811,104.98182169371228,149.86089039246923,0.016404340571553624,33.0,18.0,3.0,0.0,0.0,0.0,0.0,0.0,0.0,0.0
2020-08-31,77.02303965404161,111.9971887571761,97.1397234985714,95.5918153905329,110.05559555941882,151.97595602526982,2.40640106287433e-05,34.0,19.0,4.0,0.0,0.0,0.0,0.0,0.0,0.0,0.0
2020-09-07,81.73511009905803,113.36667090933612,101.98657691713467,98.86273299262731,107.79770654339184,165.46093587134948,0.00041663416781573086,35.0,20.0,5.0,0.0,0.0,0.0,0.0,0.0,0.0,0.0
2020-09-14,79.80858058787035,119.07435787161066,92.65636407982521,90.59661646836568,110.63713675332983,159.86453733322128,0.013037994053641968,36.0,21.0,6.0,0.0,0.0,0.0,0.0,0.0,0.0,0.0
2020-09-21,81.08078476410655,115.92413877286423,90.94765381677553,87.95451545182097,111.51196532727839,161.50945487304713,0.02713135826044274,37.0,22.0,7.0,0.0,0.0,0.0,0.0,0.0,0.0,0.0
2020-09-28,81.03519929334227,112.13094536433977,94.7291151442398,87.01976673968889,113.92327051179481,161.21765369301008,0.06241580984047385,38.0,23.0,8.0,0.0,0.0,0.0,0.0,0.0,0.0,0.0
2020-10-05,83.93289753593864,121.08567430664951,88.00706329534826,93.83228330785425,120.26813305005653,166.06333355246656,0.0004960417845097062,39.0,24.0,9.0,0.0,0.0,0.0,0.0,0.0,0.0,0.0
2020-10-12,85.13924685279653,118.8834447656209,97.64464067067956,91.47607902130946,116.91568314579736,202.3857509818444,0.6765879953508229,40.0,25.0,10.0,0.0,0.0,0.0,0.0,0.0,0.0,0.0
2020-10-19,83.16322065818218,120.90019548924481,97.02907254155168,88.22090283898339,123.69054911690682,184.1052365806875,0.37663675497403104,41.0,26.0,11.0,0.0,0.0,0.0,0.0,0.0,0.0,0.0
2020-10-26,86.22227490906793,121.80528872333565,88.37411105541089,87.75393398784917,119.66119711023936,175.12446111473977,4.517756227808939e-08,42.0,27.0,12.0,0.0,0.0,0.0,0.0,0.0,0.0,0.0
2020-11-02,84.83824972251958,122.43649232420967,81.05558863643947,92.70107626685692,122.34060828327175,172.52618494805148,0.0008226861913372543,43.0,28.0,13.0,0.0,0.0,0.0,0.0,0.0,0.0,0.0
2020-11-09,90.51495669348454,114.87596264996922,84.6277643011396,90.10241165759926,129.63487846469988,185.00957604707654,3.287283452108232e-07,44.0,29.0,14.0,0.0,0.0,0.0,0.0,0.0,0.0,0.0
2020-11-16,94.44182580778113,110.97961524972918,91.64070229749895,89.6703465518869,137.85749913051893,201.64864193824073,0.1915425565001117,45.0,30.0,15.0,0.0,0.0,0.0,0.0,0.0,0.0,0.0
2020-11-23,96.08761921599914,124.88523418406736,95.17103092577784,90.6273477690323,135.92946788758266,227.21749976552923,0.6726119086738279,46.0,31.0,16.0,1.0,0.0,0.0,0.0,0.0,0.0,0.0
2020-11-30,90.51953337232078,119.60775161600355,95.43325884240751,93.8691553823418,130.30873431122842,181.4536487770851,0.012142386834986446,47.0,32.0,17.0,2.0,0.0,0.0,0.0,0.0,0.0,0.0
2020-12-07,89.35104855943372,114.80533285726086,94.52424329130962,95.71378067529133,135.11187310558648,180.73653866329494,0.055122247566313856,48.0,33.0,18.0,3.0,0.0,0.0,0.0,0.0,0.0,0.0
2020-12-14,96.6478818816201,120.9790164855597,100.57339476298662,101.4537718202863,127.62099302191011,236.4291640414627,0.8283763506559162,49.0,34.0,19.0,4.0,0.0,0.0,0.0,0.0,0.0,0.0
2020-12-21,97.67904326839643,117.44180099346148,103.10214940693484,106.33231712824193,133.05834594664026,202.98036024703953,0.12514361810753255,50.0,35.0,20.0,5.0,0.0,0.0,0.0,0.0,0.0,0.0
2020-12-28,89.99425338200754,117.45675301788793,109.84053556191105,99.41477899560604,125.13116007565583,183.5327435708418,0.07843476425453696,51.0,36.0,21.0,6.0,0.0,0.0,0.0,0.0,0.0,0.0
2021-01-04,91.40435628959644,120.66526920053906,110.6582829771832,98.0287513675413,120.65182171661867,181.42424573700583,0.007596273222650749,52.0,37.0,22.0,7.0,0.0,0.0,0.0,0.0,0.0,0.0
2021-01-11,98.98773842137615,118.52163397846101,117.62232306945707,95.10594127974268,119.24278855279942,207.37343280727197,0.22801109571473097,53.0,38.0,23.0,8.0,0.0,0.0,0.0,0.0,0.0,0.0
2021-01-18,98.16712136977377,123.72504922922134,121.94857013331604,101.22770511479133,127.1089646163761,194.33461151860024,4.673231619935066e-06,54.0,39.0,24.0,9.0,0.0,0.0,0.0,0.0,0.0,0.0
2021-01-25,103.16765878218293,123.2756955535981,116.11155400165131,105.78710946599404,128.965943980164,242.2690512616158,0.6997602627407749,55.0,40.0,25.0,10.0,0.0,0.0,0.0,0.0,0.0,0.0
2021-02-01,101.77638101553931,121.35833426037419,123.14263827421064,106.72639559283772,124.95562672609285,206.91286505168583,0.031587772269019744,56.0,41.0,26.0,11.0,0.0,0.0,0.0,0.0,0.0,0.0
2021-02-08,97.99935040488273,114.9528506903238,120.32015650387588,107.6681569549033,135.38727669742485,221.73293941214126,0.4912178587262403,57.0,42.0,27.0,12.0,0.0,0.0,0.0,0.0,0.0,0.0
2021-02-15,92.03223562460222,115.82613633896132,118.06678987751337,107.89191692825882,134.29870912792802,192.0237910964756,0.07605146845225695,58.0,43.0,28.0,13.0,0.0,0.0,0.0,0.0,0.0,0.0
2021-02-22,91.51441127124829,112.25633940472106,123.21345047822896,101.97021232308211,136.44611457179673,185.58403365314382,0.0030119365834494686,59.0,44.0,29.0,14.0,0.0,0.0,0.0,0.0,0.0,0.0
2021-03-01,89.80185937714847,114.53286605632596,125.05380469612466,101.91590239996006,127.12264821972076,179.7943112468579,4.634205462129905e-05,60.0,45.0,30.0,15.0,0.0,0.0,0.0,0.0,0.0,0.0
2021-03-08,92.05306305242908,115.19514875200186,128.67502219495069,101.24944525889929,136.20610124962303,217.76437053291522,0.5673676077777716,61.0,46.0,31.0,16.0,1.0,0.0,0.0,0.0,0.0,0.0
2021-03-15,95.66812540897254,117.94658054383933,123.83295150415188,105.98897317359739,141.73110528779137,198.97100525071764,0.05149656470616851,62.0,47.0,32.0,17.0,2.0,0.0,0.0,0.0,0.0,0.0
2021-03-22,94.75653757203584,122.43141813619381,127.11642045700901,96.39007093621852,135.79901122146407,201.74218778681558,0.23536709802893244,63.0,48.0,33.0,18.0,3.0,0.0,0.0,0.0,0.0,0.0
2021-03-29,108.49871616369634,121.58784459072068,119.39146569075456,96.22141595436241,133.2577503473386,222.99681060171645,0.08667841506978224,64.0,49.0,34.0,19.0,4.0,0.0,0.0,0.0,0.0,0.0
2021-04-05,104.01446006453152,125.03561203473652,119.171978056607,94.70271220921573,131.2814018784552,205.4779232688735,1.0819789307606933e-05,65.0,50.0,35.0,20.0,5.0,0.0,0.0,0.0,0.0,0.0
2021-04-12,111.72107918449443,121.52696434527775,118.80498639974498,97.51803529948593,131.0605493948785,247.11361027512362,0.4664180668546325,66.0,51.0,36.0,21.0,6.0,0.0,0.0,0.0,0.0,0.0
2021-04-19,107.79547030939774,120.77624885725439,113.70622076479758,90.78550328968953,138.02280170956504,221.54072159085973,0.09332534648459191,67.0,52.0,37.0,22.0,7.0,0.0,0.0,0.0,0.0,0.0
2021-04-26,114.89403603032174,119.21185440825572,124.52564512342026,90.88734976221075,123.66479546784859,241.37368796643239,0.19661143369602158,68.0,53.0,38.0,23.0,8.0,0.0,0.0,0.0,0.0,0.0
2021-05-03,119.9051901673812,115.54937444581043,117.72546691431805,93.71332991422437,120.73626548610372,259.3876269745812,0.3762943991159211,69.0,54.0,39.0,24.0,9.0,0.0,0.0,0.0,0.0,0.0
2021-05-10,114.91743941729099,117.7990741372947,126.81964797126709,85.68351783887277,127.42386907551452,266.42571328574917,0.7853808127848013,70.0,55.0,40.0,25.0,10.0,0.0,0.0,0.0,0.0,0.0
2021-05-17,121.26366149738001,110.83794790541074,130.1546373911537,79.79724452960801,126.78133427500934,245.55796921430536,0.12005295831696874,71.0,56.0,41.0,26.0,11.0,0.0,0.0,0.0,0.0,0.0
2021-05-24,125.36004652440238,104.65648153898657,131.3075341986538,83.96517424456664,126.6747714901775,292.84536191003696,0.8558890362293499,72.0,57.0,42.0,27.0,12.0,0.0,0.0,0.0,0.0,0.0
2021-05-31,134.38090653517656,108.57170402153245,137.97850696328618,73.877451360605,123.08971925450928,281.8606228795542,0.19042223663907615,73.0,58.0,43.0,28.0,13.0,0.0,0.0,0.0,0.0,0.0
2021-06-07,135.51143572999746,106.62099704947855,139.66477205888944,72.77176729460524,130.3937282754223,273.80302378304015,2.8737029452834563e-05,74.0,59.0,44.0,29.0,14.0,0.0,0.0,0.0,0.0,0.0
2021-06-14,140.7593790340345,107.81722579637118,140.78369199391983,77.47717340808862,123.45923463646581,303.1027519147604,0.3631178145099107,75.0,60.0,45.0,30.0,15.0,0.0,0.0,0.0,0.0,0.0
2021-06-21,142.74109692683822,109.56985701617552,135.17544083966936,79.32473361965734,131.7501681498233,329.7003474304307,0.8416916097185965,76.0,61.0,46.0,31.0,16.0,1.0,0.0,0.0,0.0,0.0
2021-06-28,148.43131574365492,103.39323828777418,129.85465891633785,76.37363744977593,137.45113405058686,333.5605046192076,0.6461858345704922,77.0,62.0,47.0,32.0,17.0,2.0,0.0,0.0,0.0,0.0
2021-07-05,138.45560488667874,104.64281817462292,134.06809540984,73.2981872530906,144.8825542941691,314.73719098286426,0.7153284422183064,78.0,63.0,48.0,33.0,18.0,3.0,0.0,0.0,0.0,0.0
2021-07-12,139.9150613682753,111.54921091005322,135.44492899246197,70.82106808167336,143.05389365880603,289.91086875829217,0.11998749840881047,79.0,64.0,49.0,34.0,19.0,4.0,0.0,0.0,0.0,0.0
2021-07-19,142.22787030176912,117.65986962795347,145.21042960201015,70.41778912121536,138.5882951488079,293.6568873343639,0.19855009522255646,80.0,65.0,50.0,35.0,20.0,5.0,0.0,0.0,0.0,0.0
2021-07-26,140.98866004910676,125.51393882762633,148.4944610089827,57.737138957743824,145.50071860901107,294.37406288166244,0.20599083658134046,81.0,66.0,51.0,36.0,21.0,6.0,0.0,0.0,0.0,0.0
2021-08-02,135.37565972095973,124.39372892088733,146.30834118834113,52.93051891214014,142.1799437083788,265.6342676457116,0.00023046944729813136,82.0,67.0,52.0,37.0,22.0,7.0,0.0,0.0,0.0,0.0
2021-08-09,144.54953515539913,129.54696289592783,140.65918806380193,55.68218699893578,145.8207614731519,308.8704383554663,0.42162763234725886,83.0,68.0,53.0,38.0,23.0,8.0,0.0,0.0,0.0,0.0
2021-08-16,151.1495233125311,135.98222571790512,140.09885847050813,62.0588356533696,145.43109114429222,344.27408267023003,0.8589012231582084,84.0,69.0,54.0,39.0,24.0,9.0,0.0,0.0,0.0,0.0
2021-08-23,155.11735046140097,129.1349863149315,140.7553876041201,65.16774324817018,151.0725186511506,354.5597945440505,0.9179652846712625,85.0,70.0,55.0,40.0,25.0,10.0,0.0,0.0,0.0,0.0
2021-08-30,157.22933532546148,124.23502695735847,138.3203891986301,69.34296251342835,155.13976513616467,364.8761758818433,0.9761585592608674,86.0,71.0,56.0,41.0,26.0,11.0,0.0,0.0,0.0,0.0
2021-09-06,157.04814393739403,115.6204792249092,129.87228709776141,66.95746994218742,160.0883118144941,316.21475032672544,1.9038616543243974e-06,87.0,72.0,57.0,42.0,27.0,12.0,0.0,0.0,0.0,0.0
2021-09-13,164.78299335563722,121.97229776692198,126.3360733658975,68.14384356432404,157.90571328742868,330.0044375637991,0.0018976172886431154,88.0,73.0,58.0,43.0,28.0,13.0,0.0,0.0,0.0,0.0
2021-09-20,168.4816560418484,123.87389036455494,126.38971856572559,65.38972192500421,152.67557120046584,381.1004692558983,0.9275859101563789,89.0,74.0,59.0,44.0,29.0,14.0,0.0,0.0,0.0,0.0
2021-09-27,159.23913083374256,130.59254565548335,127.25534322792993,71.44254243816961,147.15631005138678,365.70286950628184,0.9619432682536772,90.0,75.0,60.0,45.0,30.0,15.0,0.0,0.0,0.0,0.0
2021-10-04,153.19485844275496,126.45438932246685,133.29104470093534,73.04122916923302,149.30814167571776,326.0894046026323,0.4162270920842787,91.0,76.0,61.0,46.0,31.0,16.0,1.0,0.0,0.0,0.0
2021-10-11,150.1626464860092,128.70299440556877,139.3167914410837,61.22061071790712,151.36419718486695,338.2354268271602,0.6986965841662941,92.0,77.0,62.0,47.0,32.0,17.0,2.0,0.0,0.0,0.0
2021-10-18,147.85552536370363,135.40648426701435,141.78961559061273,66.10843811930766,144.2668839626327,333.2736063458223,0.7061082395305435,93.0,78.0,63.0,48.0,33.0,18.0,3.0,0.0,0.0,0.0
2021-10-25,134.4383497118238,124.64823264421445,146.1344176458098,59.50498156813403,143.00209341244957,271.10409461868494,0.00172061732396001,94.0,79.0,64.0,49.0,34.0,19.0,4.0,0.0,0.0,0.0
2021-11-01,136.43992071339193,114.14633377142243,142.80514240170058,60.99056790467794,132.75820080747803,303.91937667312266,0.594660263802796,95.0,80.0,65.0,50.0,35.0,20.0,5.0,0.0,0.0,0.0
2021-11-08,144.9152928884325,121.56091938460489,148.9722728146243,58.38926159872183,127.92387404888593,310.82936622269386,0.42730752396119104,96.0,81.0,66.0,51.0,36.0,21.0,6.0,0.0,0.0,0.0
2021-11-15,142.78086877454163,122.22722922280408,149.98016245128628,66.26855090469599,123.69350961675882,288.1119299402974,0.0808903229591412,97.0,82.0,67.0,52.0,37.0,22.0,7.0,0.0,0.0,0.0
2021-11-22,141.54861383673222,122.39104384568573,151.33818812248353,63.174949398135276,127.19073294604489,285.14448472792037,0.04605648028144557,98.0,83.0,68.0,53.0,38.0,23.0,8.0,0.0,0.0,0.0
2021-11-29,145.8020271144896,118.15303510367698,144.21633969560094,64.286486595175,125.68585908195745,293.1983190261807,0.02524069482402545,99.0,84.0,69.0,54.0,39.0,24.0,9.0,0.0,0.0,0.0
2021-12-06,145.3804479523418,112.46622316986098,148.58641761251664,58.99377515476463,121.37689085574378,306.43711515953476,0.333996955760554,100.0,85.0,70.0,55.0,40.0,25.0,10.0,0.0,0.0,0.0
2021-12-13,146.2700070693022,108.74563646665973,150.42916706638925,61.335109611493095,124.34960331955685,289.7349697373074,5.172276048425879e-06,101.0,86.0,71.0,56.0,41.0,26.0,11.0,0.0,0.0,0.0
2021-12-20,153.30357773641484,106.3692539320286,153.7690600767056,63.880860185216754,118.90460166153231,348.9561111331614,0.8546137247604356,102.0,87.0,72.0,57.0,42.0,27.0,12.0,0.0,0.0,0.0
2021-12-27,161.83492724464332,99.12969384891402,148.24803451575892,56.54098189593941,120.92770942600369,371.309954296101,0.9133439115775942,103.0,88.0,73.0,58.0,43.0,28.0,13.0,0.0,0.0,0.0
2022-01-03,157.5683025909389,101.91065961659294,155.7186649528212,65.06467830639367,113.16439828050045,322.46108492093754,0.07641124075388207,104.0,89.0,74.0,59.0,44.0,29.0,14.0,0.0,0.0,0.0
2022-01-10,158.0802196867601,104.19118962375504,156.0429446299005,58.74612263795904,112.51244826919141,317.59907872429403,0.0018266641202410877,105.0,90.0,75.0,60.0,45.0,30.0,15.0,0.0,0.0,0.0
2022-01-17,160.62650317356133,95.81128277448722,166.159916383825,64.46432439924135,115.20532872509537,366.73469163256635,0.9074448540465228,106.0,91.0,76.0,61.0,46.0,31.0,16.0,1.0,0.0,0.0
2022-01-24,163.7439346370974,95.3118527195855,165.48434523882293,67.3866666344333,104.91529074454455,332.3004242535159,0.13036151149437578,107.0,92.0,77.0,62.0,47.0,32.0,17.0,2.0,0.0,0.0
2022-01-31,160.37631664399188,91.30598542621061,151.38765151206724,65.8838734079859,105.49804205818758,321.28251201903436,0.0563330501891278,108.0,93.0,78.0,63.0,48.0,33.0,18.0,3.0,0.0,0.0
2022-02-07,160.76328416537268,86.58034617136633,142.8756177928567,66.8666891971846,105.4353017216461,370.16872813136064,0.9897030779086142,109.0,94.0,79.0,64.0,49.0,34.0,19.0,4.0,0.0,0.0
2022-02-14,162.681219184451,93.09033966248177,144.93209272403024,54.102650581599256,103.71702444937286,330.55868425989587,0.12262049443552803,110.0,95.0,80.0,65.0,50.0,35.0,20.0,5.0,0.0,0.0
2022-02-21,161.25546238939978,91.07967782841055,140.37628216470895,54.38849633966848,102.2817858401448,373.5473588128677,0.9947952040629643,111.0,96.0,81.0,66.0,51.0,36.0,21.0,6.0,0.0,0.0
2022-02-28,158.54355771805166,89.77059909628316,142.05809683612702,50.93245287366361,96.26351978838304,330.7420390320614,0.31434355001007636,112.0,97.0,82.0,67.0,52.0,37.0,22.0,7.0,0.0,0.0
2022-03-07,163.65372525705553,91.14897238234998,134.4694472290533,49.83077690980845,95.32937388667443,329.3907103080452,0.02329540799553173,113.0,98.0,83.0,68.0,53.0,38.0,23.0,8.0,0.0,0.0
2022-03-14,166.33808299786782,92.68930317079672,133.7060704872213,50.29128336786063,101.15098319534184,336.2530211864478,0.0059303535764166195,114.0,99.0,84.0,69.0,54.0,39.0,24.0,9.0,0.0,0.0
2022-03-21,166.257343599563,94.72452620911729,144.4986746131066,54.744294897692086,112.98643992557888,358.8679060459291,0.474519074061244,115.0,100.0,85.0,70.0,55.0,40.0,25.0,10.0,0.0,0.0
2022-03-28,162.71328158494237,91.40402344797555,145.01299543198803,63.21727561615016,109.92104415242319,373.7467375749709,0.9281337584885125,116.0,101.0,86.0,71.0,56.0,41.0,26.0,11.0,0.0,0.0
2022-04-04,161.64633560684553,94.02819366402532,150.4538599698723,65.64799890913167,111.1727099643788,327.14677797439157,0.08410444962963123,117.0,102.0,87.0,72.0,57.0,42.0,27.0,12.0,0.0,0.0
2022-04-11,168.1770300873638,99.08701806112887,146.92202615145257,69.33725694542599,106.72924737802478,376.2939859643156,0.8394088530524296,118.0,103.0,88.0,73.0,58.0,43.0,28.0,13.0,0.0,0.0
2022-04-18,162.90063543671732,97.78244494202144,153.53514413277145,63.04560544997497,103.29442046975356,355.43925999773967,0.5794145699762754,119.0,104.0,89.0,74.0,59.0,44.0,29.0,14.0,0.0,0.0
2022-04-25,173.64236352416754,90.73981875649828,151.6221245667484,64.10353901300053,95.32161859603589,349.8700655084631,0.001389030023764156,120.0,105.0,90.0,75.0,60.0,45.0,30.0,15.0,0.0,0.0
2022-05-02,166.78290766939904,85.56584711314389,153.4333562642173,60.3870301834779,89.22639580169384,383.56619512091635,0.9947403382604428,121.0,106.0,91.0,76.0,61.0,46.0,31.0,16.0,1.0,0.0
2022-05-09,161.84135652151522,87.55113992019434,161.04285291936728,52.61459104103386,87.86886129949298,325.1502016735955,0.04086709369719134,122.0,107.0,92.0,77.0,62.0,47.0,32.0,17.0,2.0,0.0
2022-05-16,152.9966970608719,81.5724947816926,163.57642028316354,51.87497740680773,85.67847911814741,355.74496838481184,0.9689839079680789,123.0,108.0,93.0,78.0,63.0,48.0,33.0,18.0,3.0,0.0
2022-05-23,149.1228767863479,72.98219563107578,169.0476026403409,48.62303995662744,85.29207773442704,298.03913635587895,7.256377084592856e-09,124.0,109.0,94.0,79.0,64.0,49.0,34.0,19.0,4.0,0.0
2022-05-30,138.64860357663412,74.44284343675099,172.23546814692855,50.12803640899145,85.06249816763015,275.40866994730305,0.0054953985129763865,125.0,110.0,95.0,80.0,65.0,50.0,35.0,20.0,5.0,0.0
2022-06-06,135.58051543023936,67.9817266533052,172.07729388800146,37.69270901229471,83.06493254688154,272.0156317817221,0.08587794554321895,126.0,111.0,96.0,81.0,66.0,51.0,36.0,21.0,6.0,0.0
2022-06-13,132.28220622404393,64.04672170260125,180.657933491698,38.30654039083135,78.8010377754969,275.16539849689553,0.26107687366945487,127.0,112.0,97.0,82.0,67.0,52.0,37.0,22.0,7.0,0.0
2022-06-20,128.57868169464163,53.11601942583225,175.4070792818478,30.357717171896184,80.96887547261863,256.2408828767999,5.9585812280072244e-06,128.0,113.0,98.0,83.0,68.0,53.0,38.0,23.0,8.0,0.0
2022-06-27,129.23945797052335,50.606300735985876,175.93550115070602,18.439412487755718,75.89941452530577,306.495008304655,0.9493380890244957,129.0,114.0,99.0,84.0,69.0,54.0,39.0,24.0,9.0,0.0
2022-07-04,122.22565997331102,51.872561735310086,166.1657933541758,20.193946472071772,79.49389110233435,250.0903756833137,0.15359741901767562,130.0,115.0,100.0,85.0,70.0,55.0,40.0,25.0,10.0,0.0
2022-07-11,121.14871154745937,55.95192214293915,163.18606152442362,13.898980020374609,71.52365912417577,292.3974798291319,0.9532783026536297,131.0,116.0,101.0,86.0,71.0,56.0,41.0,26.0,11.0,0.0
2022-07-18,121.0568109533505,62.68514600226138,167.33344182771083,18.776582166976496,69.96306667197109,245.09063830499844,1.197782217595647e-05,132.0,117.0,102.0,87.0,72.0,57.0,42.0,27.0,12.0,0.0
2022-07-25,117.39388532148793,50.5639991316457,173.8670362913046,14.34867902492455,66.05797379639773,267.48673973012933,0.5978626049910495,133.0,118.0,103.0,88.0,73.0,58.0,43.0,28.0,13.0,0.0
2022-08-01,118.96715169693003,42.484617175580695,166.07185266235348,14.973703519632338,65.94828599862365,243.41047192982143,0.0005094765307337517,134.0,119.0,104.0,89.0,74.0,59.0,44.0,29.0,14.0,0.0
2022-08-08,125.11916900147584,38.25008662710924,166.73032791031522,19.671526036266584,73.67374248966287,300.4191342678995,0.923612098089333,135.0,120.0,105.0,90.0,75.0,60.0,45.0,30.0,15.0,0.0
2022-08-15,129.0884914405252,33.848826558774206,171.93335622288657,16.07898116316281,71.30024060763913,260.34590817911715,0.00996947035660039,136.0,121.0,106.0,91.0,76.0,61.0,46.0,31.0,16.0,1.0
2022-08-22,128.5675962166881,36.299338469021805,172.2743060243994,14.81541920854768,78.04912944320645,256.39142528482887,1.4886008360579592e-06,137.0,122.0,107.0,92.0,77.0,62.0,47.0,32.0,17.0,2.0
2022-08-29,129.53538854932717,37.10987664510981,174.92417301973362,25.552943093450182,77.90931637012538,309.08530891040397,0.9620939093667177,138.0,123.0,108.0,93.0,78.0,63.0,48.0,33.0,18.0,3.0
2022-09-05,133.61417132412626,38.598562817481074,171.47809297835488,35.98532476899918,74.35381383549965,313.23401557589654,0.8781947606090839,139.0,124.0,109.0,94.0,79.0,64.0,49.0,34.0,19.0,4.0
2022-09-12,133.2747714520172,34.3236405286346,169.33726364821075,35.053343825457176,68.77509453807457,295.5974111426252,0.5480558985201852,140.0,125.0,110.0,95.0,80.0,65.0,50.0,35.0,20.0,5.0
2022-09-19,134.59247477354833,40.565380930808125,164.542600008343,42.10631010028112,71.3566931545338,270.58775584707763,0.0051568863957764015,141.0,126.0,111.0,96.0,81.0,66.0,51.0,36.0,21.0,6.0
2022-09-26,137.23904807045938,35.83900861021095,157.88174742945415,38.22190227069376,67.37777539425292,276.70523465993233,0.00025726060869792387,142.0,127.0,112.0,97.0,82.0,67.0,52.0,37.0,22.0,7.0
2022-10-03,135.72874132595962,45.152775717045046,155.90717346549263,44.22140051165206,61.82096431704178,276.3975493318962,0.0030016685766979605,143.0,128.0,113.0,98.0,83.0,68.0,53.0,38.0,23.0,8.0
2022-10-10,139.12804483994594,45.58653774255104,144.72947620815836,48.48732021590381,48.63430316559858,313.8361034591263,0.6261954959544821,144.0,129.0,114.0,99.0,84.0,69.0,54.0,39.0,24.0,9.0
